{"arch": [10, 8, 1], "weights": [0.1975914465974667, -0.23788685992509068, -0.9553600646711576, 1.0099816163779871, -0.016953672390613794, -0.8742629731924538, -1.0380865034365747, 0.39767969491951716, 0.6834307791997337, -0.162497396021692, 0.04862369031115857, -0.08449142416445364, 0.27371678071046296, -0.08501234828214531, 0.6354152261276368, 0.35514471272973136, -0.22438127454099155, 0.005770894006023785, -0.648355681442823, 0.597929225895785, -0.40699314565874867, -0.6653619866834449, -0.8096112272865088, 0.866947824240424, -1.3066539395521228, 0.1740661380702921, 0.17126128782125116, -0.13522685781309607, -0.12031773957485095, -0.3573136665410146, -0.4225637716513614, 0.4656288762258375, 0.5151618882965389, -0.28260791660724316, -0.131750342562173, -1.2818462281275824, -0.466454581186026, -0.38991738526484937, 0.1860795508467773, -0.4783776306242519, -0.3640889811780632, 0.4970501880645335, 0.15322754312607584, 0.7689265185511784, 0.9160182627212167, -0.5428078065823376, 0.9174819536613181, 0.6693771463885517, 0.2591270912968886, 0.30083377027644853, 0.054186992145841384, -0.39524479025696657, 0.5894086170278886, 0.19374950120279977, 1.083438858415637, 1.0063402938769692, -0.4948432497504153, -1.1193582772305706, 0.09718338895421623, 1.1369972903651393, 0.27918030034431185, 0.3479991838646772, 0.4235031931483183, 0.4083618040446738, -0.1038864114180682, -0.05626157099892648, 0.8049006998338526, 0.7315615017990622, -0.10241886737305092, -0.5369239609601658, 0.21040739616812937, 0.6149948759676391, 0.39131594222655214, -0.31490053783320515, -0.4033598503449678, -0.6523793888741768, -0.08818930450449425, -1.9271841749657812, 0.9620874793830322, 0.5179041023116202, -0.310438010910395, 0.0989454862888351, -0.36622331124414037, 0.046157755347483204, 0.13293144313486127, 0.5853687262152044, 0.15012697174925277, -0.29288725252236353, -0.0948578889050269, 1.3786895946678386, -0.3013764402775028, -0.5691554744863411, 1.6876185049769064, 0.5663666752098859, 0.8766821468904915, -0.05204476757831111, 0.6176545997054927]}